first_name,last_name,email,password,confirm
Winifield,Mallabar,wmallabar0@google.it,EEUdZTdNeg8,EEUdZTdNeg8
Tansy,Dunkerley,tdunkerley1@tumblr.com,erPzv8CCVave,erPzv8CCVave
Wally,Annis,wannis2@china.com.cn,cRSVyA9,cRSVyA9
Elenore,McCory,emccory3@360.cn,98QPuQ6dL,98QPuQ6dL
Daveta,Methuen,dmethuen4@gmpg.org,GiD9tqadBQY,GiD9tqadBQY
Queenie,Missenden,qmissenden5@google.de,giPWZqyc,giPWZqyc
Sophia,Hise,shise6@woothemes.com,ZEuqdiST01,ZEuqdiST01
Ase,Stanman,astanman7@dell.com,1WL2vmvkgRmk,1WL2vmvkgRmk
Jori,Riccardo,jriccardo8@chicagotribune.com,T3aQQEC8,T3aQQEC8
Lilas,Biddlecombe,lbiddlecombe9@hostgator.com,sEQSbKFDaK,sEQSbKFDaK
Daisie,Iacovo,diacovoa@de.vu,scAsjRjsjTC,scAsjRjsjTC
Shannon,Shadwick,sshadwickb@hhs.gov,TxsAVSieuzE,TxsAVSieuzE
Brana,Boneham,bbonehamc@4shared.com,EoqJIPMZ6,EoqJIPMZ6
Shela,Mulcock,smulcockd@npr.org,4VKkunDR,4VKkunDR
Yul,Lorrimer,ylorrimere@dell.com,vd4LFAqmn1,vd4LFAqmn1
Lindie,Klicher,lklicherf@cafepress.com,9VtOTOhTPmB7,9VtOTOhTPmB7
Inglis,Daybell,idaybellg@free.fr,v1xenvX,v1xenvX
Parrnell,Jennens,pjennensh@quantcast.com,lM61S6tRc3,lM61S6tRc3
Kacie,Dunabie,kdunabiei@jimdo.com,ZSLREMMhwjRy,ZSLREMMhwjRy
Creigh,Turfitt,cturfittj@spotify.com,2b2HwV,2b2HwV
Romain,Breckwell,rbreckwellk@nba.com,VtSdzjB,VtSdzjB
Kiah,Biskup,kbiskupl@netscape.com,WG5jSB4XvchT,WG5jSB4XvchT
Ber,Karim,bkarimm@ucla.edu,IYbL4Et,IYbL4Et
Roderic,Branchflower,rbranchflowern@nydailynews.com,1reN21W,1reN21W
Adair,Ixer,aixero@woothemes.com,DGrWgP1L3Mg,DGrWgP1L3Mg
Shane,Edgson,sedgsonp@infoseek.co.jp,ictWWL,ictWWL
Clarke,Stothard,cstothardq@mysql.com,LWwTE3,LWwTE3
Kalie,Ible,kibler@illinois.edu,n5AKzX2MRwk,n5AKzX2MRwk
Tessie,Bohlin,tbohlins@blinklist.com,oaf64Mh,oaf64Mh
Reuben,Wyd,rwydt@multiply.com,giXbY4s,giXbY4s
Hillary,Fesby,hfesbyu@123-reg.co.uk,03yaDhIvpGw0,03yaDhIvpGw0
Joann,Kierans,jkieransv@intel.com,ZVGw3u,ZVGw3u
Torrence,Warner,twarnerw@google.pl,0g6NlIfkVyQ,0g6NlIfkVyQ
Lin,Raithbie,lraithbiex@yelp.com,9HH3BU,9HH3BU
Bern,Renol,brenoly@wisc.edu,eDSgoX,eDSgoX
Laurie,Went,lwentz@google.fr,qL0vi2nN2pJ,qL0vi2nN2pJ
Sebastien,Week,sweek10@pagesperso-orange.fr,BVNl8H,BVNl8H
Zandra,Grouse,zgrouse11@csmonitor.com,QhC93bDR9D,QhC93bDR9D
Daphna,Migheli,dmigheli12@soup.io,BKw3jdDa,BKw3jdDa
Lefty,Luthwood,lluthwood13@gmpg.org,mrNVFHkTP88b,mrNVFHkTP88b
Arlene,Corlett,acorlett14@addthis.com,RBh5Y5tigQf,RBh5Y5tigQf
Daisi,Henaughan,dhenaughan15@youku.com,cr818583iU,cr818583iU
Amber,Girvin,agirvin16@nasa.gov,I6XTPG,I6XTPG
Jamill,Bonifacio,jbonifacio17@senate.gov,mEacVX,mEacVX
Josefina,Knappett,jknappett18@surveymonkey.com,7VTCrRba,7VTCrRba
Nadean,Loweth,nloweth19@vkontakte.ru,huIa3Bq,huIa3Bq
Sylvia,Coxwell,scoxwell1a@alibaba.com,EJm1Pp,EJm1Pp
Billie,Paule,bpaule1b@census.gov,3xftajKZ,3xftajKZ
Ailyn,Finci,afinci1c@biblegateway.com,VswZ6s9,VswZ6s9
Rudy,Gatward,rgatward1d@arizona.edu,CN40V2BZ9mg,CN40V2BZ9mg
Tessi,Libermore,tlibermore1e@reddit.com,MIdVnuu,MIdVnuu
Kerrill,Iredell,kiredell1f@who.int,Q0e9U2,Q0e9U2
Britt,Woolfitt,bwoolfitt1g@jugem.jp,OHhKrlBbs,OHhKrlBbs
Derwin,Culverhouse,dculverhouse1h@chicagotribune.com,1dwLjw,1dwLjw
Harv,Guterson,hguterson1i@hubpages.com,RQ08WJw,RQ08WJw
Halimeda,Schermick,hschermick1j@guardian.co.uk,fGNaVfI,fGNaVfI
Barr,MacFall,bmacfall1k@imageshack.us,6NLPDoxdZMy7,6NLPDoxdZMy7
Letitia,Gibbie,lgibbie1l@weibo.com,WzjhBqqdbM,WzjhBqqdbM
Hugibert,Filoniere,hfiloniere1m@eepurl.com,i5HNHu,i5HNHu
Web,Ishaki,wishaki1n@mashable.com,dF1Xg3NUiyhv,dF1Xg3NUiyhv
Griffith,Baldam,gbaldam1o@bluehost.com,5YtWOlW,5YtWOlW
Veradis,Standage,vstandage1p@moonfruit.com,1mzlmfi,1mzlmfi
Sal,Beaford,sbeaford1q@census.gov,DtnLTUt8,DtnLTUt8
Kermy,Tarburn,ktarburn1r@cbsnews.com,VfVsvbP,VfVsvbP
Andres,Wallman,awallman1s@china.com.cn,BcUjak1eMFt,BcUjak1eMFt
Salomon,Ropert,sropert1t@trellian.com,i0qBhGBuF,i0qBhGBuF
Almira,Turbern,aturbern1u@usa.gov,rEzQJI,rEzQJI
Willyt,Ramey,wramey1v@mail.ru,JmvTSeI66cV3,JmvTSeI66cV3
Hillery,Heggs,hheggs1w@mozilla.org,7dIRqCB,7dIRqCB
Atlante,Townsley,atownsley1x@home.pl,eXzJEMEV,eXzJEMEV
Lanni,Sesons,lsesons1y@biglobe.ne.jp,t1rTKaBCHF,t1rTKaBCHF
Luz,Petrovykh,lpetrovykh1z@weibo.com,zXrNPqu,zXrNPqu
Otes,Winterbotham,owinterbotham20@exblog.jp,Ch4mHw,Ch4mHw
Deerdre,Luisetti,dluisetti21@tinypic.com,qGQ3UkYrI2F,qGQ3UkYrI2F
Rhianna,McTavish,rmctavish22@blogger.com,jGewKdJKZnr,jGewKdJKZnr
Armstrong,Leas,aleas23@nifty.com,h9zWAOBd47f,h9zWAOBd47f
Errol,Isacoff,eisacoff24@huffingtonpost.com,sN3aEm,sN3aEm
Clo,Meneer,cmeneer25@patch.com,8Xms21,8Xms21
Ediva,Dudny,edudny26@opensource.org,CDIaofyz,CDIaofyz
Floria,Jaegar,fjaegar27@typepad.com,XCevvgWo,XCevvgWo
Evelyn,Spurdens,espurdens28@pcworld.com,8SbiEDuhoF,8SbiEDuhoF
Roi,Howse,rhowse29@flickr.com,ZodVMx4Uq8,ZodVMx4Uq8
Malia,Pote,mpote2a@stumbleupon.com,IuyEwbr1so,IuyEwbr1so
Zolly,Averies,zaveries2b@mysql.com,1CivDbED6RM9,1CivDbED6RM9
Arliene,Dulanty,adulanty2c@bbc.co.uk,DEGQCz5i,DEGQCz5i
Aldo,Melross,amelross2d@zimbio.com,5Fpjwzs,5Fpjwzs
Eben,Roocroft,eroocroft2e@4shared.com,PHpKqFZ2,PHpKqFZ2
Gabriel,De Freyne,gdefreyne2f@cdc.gov,H3p6ylCP,H3p6ylCP
Alia,Frisby,afrisby2g@forbes.com,qRVrKETGG4,qRVrKETGG4
Ganny,Bonifacio,gbonifacio2h@goo.ne.jp,n09Y2ABqZtA,n09Y2ABqZtA
Simona,Cuningham,scuningham2i@noaa.gov,6PaJWad,6PaJWad
Melinde,Watts,mwatts2j@nhs.uk,IBfmaaaXA,IBfmaaaXA
Garnette,Torpie,gtorpie2k@google.com.au,Joo65y,Joo65y
Cal,Jirzik,cjirzik2l@flavors.me,zofsS5T,zofsS5T
Lyndy,McGillivrie,lmcgillivrie2m@miitbeian.gov.cn,aNUMBX,aNUMBX
Letisha,Kordes,lkordes2n@yale.edu,1tBNgt,1tBNgt
Conroy,Crellin,ccrellin2o@bluehost.com,P7pzRPDBHZkw,P7pzRPDBHZkw
Benedict,Cool,bcool2p@ustream.tv,AjRvhZLP12,AjRvhZLP12
Anya,Terlinden,aterlinden2q@google.pl,Qg0tWZ03NiY,Qg0tWZ03NiY
Gene,Gratton,ggratton2r@comcast.net,J9Dgs9t7As,J9Dgs9t7As
